상품명,별점,리뷰 제목,리뷰 내용,카테고리1,카테고리2
"플로린 여성 노라인 햄팬티 5p 세트 CWP-001, 100, 연핑크, 스킨, 연스킨, 검정, 바이올렛",5,무난합니다,"지난번에도 여기 팬티세트를 구매하고 무난하게 잘사용하였던 기억이 있어 재구매했습니다.

먼저, 이 제품은 노라인 디자인으로 제작되어 외부에서 속옷 라인이 보이지 않아 매우 편안하고 자연스러운 착용감을 제공합니다. 또한, 고급스러운 소재로 제작되어 피부에 부드럽게 닿아 편안한 착용감을 선사합니다. 또한, 햄팬티 스타일로 제작되어 힙과 복부를 부드럽게 잡아주어 몸에 잘 맞아 떨어지는 핏을 제공합니다.

둘째로, 플로린 여성 노라인 햄팬티 세트는 다양한 컬러와 사이즈로 구성되어 있어 다양한 선택의 폭을 제공합니다. 여러 가지 컬러와 사이즈를 제공하여 여성들이 자신에게 맞는 제품을 선택할 수 있도록 도와줍니다. 이는 여성들이 자신에게 맞는 제품을 찾아 편안하고 자신감 있게 착용할 수 있도록 도와줍니다.

셋째로, 이 제품은 세탁 후에도 형태와 색상이 잘 유지되어 오랫동안 사용할 수 있습니다. 세탁 후에도 변형이나 색상 변색이 거의 없어 오랫동안 사용할 수 있습니다. 이는 여성들이 오랫동안 편안하게 착용할 수 있도록 도와줍니다.

제법 꾸준히 잘 착용해보니 튼튼하고 디자인도 무난하고 색상이 다양하게 들어있어 만족도가 높았습니다.
착용감이 편한했어요.
구입할때 가격비교도 여러개 해봤는데 가성비 좋은것같습니다.

제 리뷰가 구매하시는 분들께 도움이 되었으면 합니다.",여성패션,속옷/잠옷
"해바라기 그림 개업선물 집들이선물 인테리어 소품 돈들어오는그림, 52x38cm, 01.유광_돈벼락해바라기",5,선물용으로 구입,"지인 집들이때 선물했는데 지인분께서 엄청 좋아하셨어요.
별거아니지만 좋아해주시니 참 뿌듯했습니다.
크기가 어떨줄몰라서 그냥 두 사이즈 중에 작은걸로 샀는데 선물하고 보니 더 큰걸 샀으면 좀더 좋았을것같아요 액자 걸어둘곳이 생각보다ㅜ넑었거든요. 그림은 받아보니 해 부분이 흰색동그라미로 보이는데 그부분이 약간 아쉬운느낌.. 그부분 자세히보면 약간 퀄리티가 아쉽다는 생각은 드는데 전체적으로 무난하니 괜찮았고, 무엇보다 선물 받으신분이 기뻐해서 다행이었어요 .

제 리뷰가 구매하시는 분들께 도움이 되었으면 합니다.",완구/취미,수집품
"쥬넬 14K 심플 하트 라인 원터치 귀걸이(1쌍), 로즈골드",5,데일리로 딱이에요!,"데일리로 하고다니면서 안빼고 문신처럼 하고있을만한 귀걸이가 필요해서 샀습니다.
귀에 착달라붙는 사이즈라 데일라로 딱이고 눕거나했을때도 걸리적거리는거 없어요.
금이라 씻을때도 걱정없고 변색없고 오래오래 쓸수있을것같아요.
저는 귓볼이 좀 있는편인데 제귓볼에 딱붙게 맞는 사이즈네요.
정말 맘에들어여
앙증맞은 하트모양이 귀엽습니당 ㅎㅎ

제 리뷰가 구매하시는 분들께 도움이 되었으면 합니다!",여성패션,가방/잡화
"양반 현미밥, 130g, 24개",5,다이어트용 밥으로 좋아요,"다이어트때문에 밥양도 줄이고 이왕이면 현미밥이면 좋은데 햇반에서 딱 맞는 용으로 나와서 정말 편리하네요.
밥은 현미가 50프로정도 들어간거 같아요. 100프로는 아니라서 적당히 일반 쌀밥느낌나면서 다이어트와 건강에 도움되는 느낌이에요.
양은 130g 으로 다이어터에게 딱 알맞는 양입니다.
밥을 맨날먹거나 하진않아서 햇반 사놨다가 먹을때만 전자렌지 돌려서 먹으면 되서 정말 간편하고 좋아요.
항상 집에 쟁여놓을것 같네요.",식품,면/통조림/가공식품
"보다나 모이스처 스팀 와이드 판고데기 VS23WSBGFV, 블루그레이",5,스팀이라니 신세계에요,"스팀고데기라는건 처음 접해봤는데 신기하네요.
기존에쓰던 판고데기가 엄청 옛날애사서 오래돼서 이번에 판고데기로 하나 새로 장만해봤는데요.

일단 고를때 디자인부터 눈을 확사로잡았어요.
저는 제품 고를때 디자인도 중요하게 보는지라 이렇게 어여쁜 파스텔 색상에 이쁜 디자인을 보면 막 사고싶어 지거든요. 그래서 일단 디자인부터가 맘에들었습니다. 이쁘니까 사용하면서도 기분좋은 느낌??

브랜드도 보다나는 고데기 유명하니까요.
기존에 봉고데기도 보다나제품 좋은거 같아서 사서 쓰고있는데 만족스럽게 쓰고있습니다.
하지만 봉고데기만으로는 스타일링에 한계가있어서 휘뚜루마뚜루 쓰기엔 판고데기는 기본으로 있어야하는것 같아요.

음 처음 개봉해서 봤을때 물탱크? 물을 채워넣고 끼워줘야 스팀이 나오는 형식이라 좀 귀찮을것같았는데 막상 해보니 물 양도 얼마 안들어가는데 한번 채워놓으면 꽤 오래 가서 생각보다 그렇게 귀찮진않을것같고 또 스팀으로인해 머리결이 조금이라도 덜상한다면 그정도면 기분좋게 채울수있을것같아요 . 물탱크 여유분도 1개들어있어서 미리 채워놨다가 갈아끼우기만 하면되고 물주입하기 쉽게 입구뾰족한 물통도 같이 포함되어있네요. 쪼르륵 채우는게 나름 재밌어요.

고데기는 전원버튼 누르고 온도 원하는 온도 설정하시면 불빛이 나중에 깜빡거리는데 깜빡거리면 온도가 다 맞춰졌다는 거고 처음엔 그냥 120도 제일 낮은 온도로 해서 써봤는데 왠걸 120도로 해도 스타일이 잘나오더라구요 . 하고 나서 유지력도 좋았고 무엇보다 웨이브넣었을때 엔젤링과 찰랑함이 너무 기분좋았어요.
무엇보다 머리할때 스팀이 폴폴나오는게 너무 신기하고 뭔가집에서 하는데도 케어받는 느낌이나서 좋아요.
판고데기가 좀 넓은 편이라 머리 손질하기 더 빠를것같아요.

고데기를 고정하는 락버튼도 따로있어서 보관할때도 간편해요.

다만 다쓰고나서 스팀때문에 고데기에 물이 좀 묻어있을까봐 신경쓰여서 저는 따로 닦아주었는데 스팀고데기니까 뭐 물이 있어도 아예 상관은없겠죠? 일단 저는 혹시몰라 사용하고나서 한번 닦아주고 보관했급니다.

제 리뷰가 구매하시는 분들께 도움이 되었으면 합니다!


쿠팡체함단 이벤트로 제품을 무료로 제공받아 작성한 구매후기입니다.

쿠팡체험단 이벤트로 상품을 무료로 제공 받아 작성한 구매 후기입니다.",가전디지털,뷰티/헤어가전
"오뚜기 국수장국 가쓰오부시, 1개, 360ml",5,휘뚜루마뚜루 쓰기좋아요,"처음엔 그냥 샤브샤브 육수 내먹을려고 샀는데 요즘은 뭐 볶음요리나 어느요리등에 그냥 더 감칠맛? 내주는 용으로 휘뚜루마뚜루 다 넣어먹어요.
샤브샤브를 해먹어도 맛있게 먹었는데 다른 요리에 넣은 것도 다 맛이 괜찮더라구요. 다른 조미료 안넣고 그냥 요거 넣고 조리할때 간편하고 요긴합니다.
농축된 액체다 보니 양은 조금씩만 써서 용량도 꽤 오래가요.
다이어트 중인데 칼로리고 별로 안높고 이래저래 맛있게 먹을수 있어서 좋아요!

제 리뷰가 구매하시는 분들께 도움이 되었으면 합니다!",식품,수산물/건어물
"매일유업 바이오 그릭 요거트, 800g, 1개",5,맛있어용,"다이어트때문에 요거트를 먹어도 그릭요거트를 먹고 그리고 왠만하면 무가당제품으로 구매해서 먹습니다.
그런데 그릭요거트 제품을 찾아보니 가격이 꽤 부담스럽고 너무 꾸떡꾸덕한건 요거트 느낌도 아니고 먹기 불편해서 다른제품을 찾아보다가 이제품을 발견했는데 용량대비 가격도 합리적이고,
꾸덕한 질감이 아닌 흐름성있는 딱 요거트 같은 질감이라서 그냥 떠먹기 편했어요 . 무가당이라 단맛은 아예없어서 먹을때 스테비아가루나 알룰로스를 뿌려먹습니다. 그럼 여느 요거트맛처럼 맛있어요 .
아침으로 거의 그릭요거트에 블루베리 얹어서먹고 통밀빵이랑 같이 먹으면 브런치느낌나면서 너무 맛있어요. 용량도 은근 많이서 제법 오래먹어요. 유통기한이 그렇게 길진않아서 부지런히 먹어야하지만 ㅎㅎ
저는 이제품이 잘맞아서 재구매 몇번은 했습니다.

제 리뷰가 구매하시는 분들께 도움이 되었으면 합니다!",싱글라이프,샐러드/시리얼
"ardo 유기가공식품인증 수프채소믹스 (냉동), 600g, 1봉",5,간편하고 맛있어요,"볶음밥같은거 해먹을때 꿀이에여
야채 이것저것 손질해서 하기 귀찮은데 그냥 요거 한두주먹 넣고 볶으면 끝! 종류 다양하고 잘 손질되어있어서 너무 좋네요

한가지 아쉬운건 지퍼백형태면 더할나위없이 좋을것같다는거 정도?
비닐 뜯고나면 따로 밀봉해서 냉동해야해서 아예 지퍼백형태로 나오면 훨씬더 편할것같아요.

저는 무조건 재구매각입니다.",헬스/건강식품,건강분말/건강환
"청정원 이탈리아 정통 스파게티면, 500g, 1개",5,맛있어용,파스타 한번 해먹어 볼려고 파스타면 찾아보다가 뭐가뭔지 잘몰라서 그냥 제일 저렴한걸로 시켰는데 양도많아서 파스타 몇번을 해먹고도 남아있어요. 맛도 괜찮고 저렴하다고해서 딱히 질이 떨어진다거나 이런거 모르겠더라구요. 면 다먹으면 또 재구매 할듯해요!,식품,면/통조림/가공식품
"마당발 유로믹스 (냉동), 1kg, 1개",5,너무 편하고 좋아요,"야채 일일히 사서 손질하기도 힘들고 또 남아있는 야채 상하기 전에 다 먹는 것도 일이었는데 이렇게 손질되어 냉동제품으로 나오니 신세계에요.
그전엔 이렇게 야채 다양하게 챙겨먹기도 어려웠는데 이제 그냥 요거 하나 사니까 여러종류 다양하게 챙겨먹을수있고 색색이 들어있어서 요리에 넣으면 비주얼도 좋고 식감도 살아나요. 야채를 워낙 좋아하는데 이렇게 간단하게 제대로 챙겨먹을수 있는게 신세계에요. 어짜피 냉동이라 재고 걱정도 크게없고 그때그때 꺼내먹게 되네요.
다이어트 할때도 야채 챙겨먹기 힘든데 진짜 편리하고 좋아요.
이건 항상 쟁여두고 여러가지 음식에 넣어먹을듯하네요.

한가지 아쉬운 점은 그냥 비닐 뜯어버리면 다시 냉동보관할때 포장을 다시해줘야해서 지퍼백형태로 되어있었으면 완벽할것같아요!!!",헬스/건강식품,곤약/방탄커피 외
"흰다리 새우살 (냉동), 200g(특대), 1개",5,파스타에 넣고 퀄리티업!,"파스타에 새우같은거 좀 넣고 해볼까 해서 새우 구입해봤습니다.
저는 요리 똥손이라 새우 넣고 하는것도 도전이었는데
냉동이고 손질 다 되어있어서 조리하기 쉬웠어요.
그냥 해동만 시키고 물에 한번 씻어서 바로 사용했습니다.
진짜 새우같은게 있고 없고가 파스타 퀄리티가 확달라지네요.
냉동새우라 그런지 가격도 부담없는데 양도많고 새우도 커요.
웬만한 사먹는 파스타에 나오는 새우보다 컸어요 ㅎㅎ
맛도 진짜 맛있음. 새우 한마리 먹을때 마다 입안가득 행복했음.
저는 요리를 자주 안하기에 그냥 파스타에 한봉지 다 떼려넣었더니 ㅋㅋㅋ새우파티 사먹으면 새우 2~3마리가 다인데 해먹으니 저렴한 가격에 새우 실컷먹고 너무 좋았어요.
다음에 요리 또 하면 요 냉동새우는 무조건 사놨다가 넣어먹을려구요!
보관도 냉동이니까 그냥 쓸만큼 쓰고 냉동보관 다시 해놨다가 다음에 또 쓸때 꺼내먹어도 될것같네요!

제 리뷰가 구매하시는 분들께 도움이 되었으면 합니다!",헬스/건강식품,곤약/방탄커피 외
"청정원 쉐프의 치킨스톡, 340g, 1개",5,치킨스톡이 다했네유,"하도 똥손이라 요리실패를 호되게 해서 포기할려는데 친구가 치킨스톡으로 간좀 맞춰주면 살아난다해서 추천받고 한번 사봤습니다
제품은 뭐 가격이랑 이래저래 비교하니 여기 청정원께 젤 나은거 같아서 구매를 했어요 친구도 이거랑 똑같은거 쓰는거 같았어요

원래 제 실패한 파스타가 진짜 아무맛도 안나서 먹을때 억지로 먹었는데
치킨스톡 사서 해보고 난뒤로 처음으로 해먹은거 맛나게 먹었어여 ㅠㅠㅠ하 진짜 진작알았으면 좋았을껄 ㅠㅠ
암튼 요리는 재료빨인가봐여 ㅋㅋ 이제 파스타좀 할수있는 사람이 됐습니다.

제 리뷰가 구매하시는 분들께 도움이 됐으면 합니다.",식품,가루/조미료/오일
"노브랜드 칼다스 아메리카노 블랙2.1L x 2, 2.1L, 2개",5,가성비 최고에요,"매번 아메리카노 카페가서 사먹기 귀찮아서 샀어요.
맛은 풍부하고 진한 맛을 갖고 있습니다. 직접 커피를 내려 마시는 것처럼 진하고 향긋한 아로마와 깊은 커피 맛을 즐길 수 있습니다. 특히 블랙 커피를 선호하는 커피 애호가들에게는 만족스러운 선택이 될 것입니다.

노브랜드 칼다스 아메리카노 블랙은 편리한 사용이 가능합니다.
뜨거운 물을 추가하면 쉽게 아메리카노를 만들 수 있으며, 취향따라 그냥 마시든 물양을 조절해서 추가하든 하시면 될것같아요.
저는 좀 연하게 타서 마시는 스타일이라 한번 사놓으면 용량도 커서 되게 오래 먹어요. 얼음만 타주면 카페에서 사먹는 아메리카노 느낌나고 좋아요.

확실히 노브랜드 제품이라 경제적인 가격으로 제공됩니다. 다른 고급 커피 브랜드에 비해 저렴한 가격대로 구매할 수 있어 많은 사람들에게 인기를 끌고 있습니다. 또한, 맛과 품질 면에서도 훌륭한 커피를 제공하므로, 예산을 고려하면서도 맛있는 커피를 즐길 수 있습니다.

넷째로, 노브랜드 칼다스 아메리카노 블랙은 다양한 상황에 어울립니다. 아침 식사와 함께 마시기에 적합하며, 일상적인 커피 타임이나 회의나 스터디 시간에도 좋은 선택입니다. 또한, 여러 가지 음료와 혼합하여 다양한 커피 음료를 만들 수도 있어 창의적인 조합을 즐길 수 있습니다.

노브랜드 칼다스 아메리카노 블랙은 풍부하고 진한 맛, 편리한 사용, 경제적인 가격, 다양한 상황에 어울리는 장점을 갖고 있습니다. 이러한 이유로 많은 사람들이 노브랜드 칼다스 아메리카노 블랙을 선택하고 만족하는 제품이 되었습니다.

제 리뷰가 구매하시려는 분들께 도움이 되었으면 합니다.",식품,생수/음료
"프레시지 더큰 블랙라벨 스테이크 세트, 580g, 1개",5,똥손인데 맛있어요,"요리 해먹지도 않고 똥손이라 무조건 실패하는데
이건 그냥 야채랑 고기 굽기만 하면되니까 맛있었어요!
조리법 적힌대로 그냥 오일이랑 소금같은거 고기에 바르고 그냥 막 구웠는데 맛있어서 깜놀
근데 구울때 고기라서 기름 많이 튀고 이래서 힘들었지만 저렴한가격에 스테이크 굉장히 만족스럽게 먹었어요.
같이 한 요리로 파스타도 했는데 파스타는 완전 실퍀ㅋㅋㅋㅋㅋㅋ 스테이크라도 있어서 다행이었어욤 ㅠㅠ",식품,냉장/냉동/간편요리
"애니바디 원더쿨 쿨 스포츠 브라 ANVS22A16, 그레이, 95",5,저렴한데 퀄좋아요,"운동할때 스포츠브라는 필수인데 찾아보니 너무 비싸더라구요
좀 저렴한제품도 찾아서 사봤는데 확실히 퀄리티가 너무안좋고 스포츠브라로써의 기능을 못하더라구요..

그래서 고민하다가 애니바디 제품을 예전에 썼던 기억이 있어서 혹시나 하고 찾아봤는데 있더라구요!!
근데 가격도 제가 저렴하다고 생각했던 것들보다도 훨씬 저렴하길래 뭐지? 했는데 그래도 일단 괜찮았던 기억이 있어서 믿고 구매해봤습니다.

받아서 지금 한달넘게 입어봤는데 좋아요 .
제가 딱 원하는 느낌이에요 짱짱하고 가슴 잘 잡아줘서 운동할때 딱입니다.

후기쓰러오니 지금은 품절이라고 하네요 ㅠㅠ
몇개 더 살려고 하는데 다시 입고되면 더 쟁여둘 예정입니다!",결혼준비,인테리어/소품
"황냄비 라면냄비 양은냄비 찌개 양수 편수냄비 (14~40cm), 양수 36cm",5,사이즈 잘 보고사세요,"사이즈만 잘 확인하고사면 냄비자체는 저렴하고 괜찮은듯해요
저는 대충보고 샀더니 엄청 큰냄비가 엄청엄청커요 ㅋㅋㅋ
어림짐작해서 사지마시고 센치꼭 재보고 사세용 ㅎㅎ",주방용품,냄비/프라이팬
"샤바스 컬러스토리 서랍장 400 키높이형 3단, 그레이, 40x43x92cm, 3개",5,생각보다 괜찮아요!,"어머니가 필요하다해서 사드렸어요.
기존에 쓰던 서랍장이 많이 낡아서 새로 서랍장을 필요하다하셔서 같이 보다가 이 제품이 마음에 든다 하셔서 구매했습니다.
사진상에 깔끔해보이고 튼튼해보여도 그냥 플라스틱 소재라 괜찮을까 했는데 받아서 써보니 외관도 굉장히 깔끔해서 기존보다 보기에도 좋아졌고 의외로 튼튼해서 안에 물건도 많이 넣고 해도 끄떡없어요.
어머니께서도 굉장히 만족해 하십니다.

일단 샤바스 컬러스토리 서랍장은 다양한 크기와 색상으로 구성되어 있어요. 서랍장의 크기는 작은 것부터 큰 것까지 다양하게 구성되어 있어, 사용 목적에 맞게 선택할 수 있습니다. 또한, 다양한 색상으로 구성되어 있어, 가구와 인테리어에 맞게 적절한 색상을 선택할 수 있습니다.

둘째로, 샤바스 컬러스토리 서랍장은 고급스러운 디자인으로 제작되어 있습니다. 서랍장의 조립부터 마감까지 세심한 디테일과 마감 작업으로 완성도 높은 제품을 제공합니다. 따라서, 인테리어에 더욱 고급스러움과 세련된 느낌을 살릴 수 있습니다.

셋째로, 샤바스 컬러스토리 서랍장은 내구성이 뛰어납니다. 무거운 물건을 담아도 변형이 없습니다. 또한, 제품의 표면은 내구성이 높은 코팅으로 마감되어, 긁힘과 스크래치에도 강한 내구성을 보장합니다.

넷째로, 샤바스 컬러스토리 서랍장은 다용도로 사용할 수 있습니다. 다양한 크기와 구성으로 제작되어 있어, 서랍장의 용도를 선택할 수 있습니다. 그것은 서랍장, 신발장, 옷장, 이어링, 시계, 악세서리 등 다양한 용도로 사용할 수 있습니다. 또한, 서랍장을 여러 개 구성하여 다양한 인테리어를 연출할 수 있습니다.

마지막으로, 샤바스 컬러스토리 서랍장은 가격 대비 효과적인 제품입니다. 고품질의 제품임에도 불구하고 합리적인 가격대를 유지하고 있어, 많은 사람들에게 접근 가능합니다. 또한, 다양한 크기와 색상으로 구성되어 있어, 사용 목적에 맞게 선택할 수 있어 매우 효과적입니다.

샤바스 컬러스토리 서랍장은 다양한 크기와 색상으로 구성되어 있어, 선택의 폭을 넓혀주며, 고급스러운 디자인과 내구성이 뛰어나다는 점이 장점입니다. 또한, 다양한 용도로 사용할 수 있어 유용하며, 가격 대비 효과적인 제품이라는 점도 장점입니다.

제 리뷰가 구매하시는 분들께 도움이 되었으면 합니다.",결혼준비,가구/침구
"생활엔 2L 종량제봉투용 담따 음식물쓰레기통, 그레이, W 185mm x H 210mm",5,가볍고 편리해요!,"집에서 음식거의 안해먹고 음식물쓰레기도 최대한 안나오게하려고 해도 어쩔수가없이 어떻게든 음식물 쓰레기는 나오네요 ㅠㅠ
그럴때마다 최대한 비우고 빨리 처리하고 하면서 버티다가 도저히 불편해서 찾아보다가 이제품이 발견했어요
우선 가격이 저렴하고 디자인도 무난해 보이고 사용하기 간편해 보여서 고민좀 하다가 구매를해봤습니다.
완전 신세계에요. 진작사둘껄 하는 생각이 ...ㅎㅎ
뚜껑을 꼭 눌러주면 완전 밀봉 되어서 냄새하나도 안나요.
그리고 엄청 가벼워서 들고 버리러 왔다갔다하기 너무 편합니다.

담따 음식물쓰레기통은 소형이지만 용량이 충분합니다. 2L 크기로 설계되어 가정에서 발생하는 음식물쓰레기를 효과적으로 수용할 수 있습니다. 작은 크기이지만 음식물쓰레기의 냄새와 역류를 방지하는 특별한 구조로 설계되어 있어, 음식물쓰레기 처리에 효율적입니다.

둘째로, 2L 종량제봉투용 담따 음식물쓰레기통은 실용적이고 편리합니다. 작은 사이즈로 인해 주방 싱크대나 작은 공간에 쉽게 배치할 수 있으며, 손쉽게 음식물쓰레기를 버릴 수 있습니다. 뚜껑이나 봉투 교체가 간편하고 청소도 간편하게 할 수 있어 일상 생활에 편리함을 제공합니다.

셋째로, 2L 종량제봉투용 담따 음식물쓰레기통은 냄새와 벌레를 방지합니다. 특수한 뚜껑과 밀폐 구조로 설계되어 음식물쓰레기의 악취가 외부로 새어나가지 않으며, 벌레의 침입을 방지합니다. 이를 통해 주방이나 가정 전반적으로 깨끗하고 위생적인 환경을 유지할 수 있습니다.

넷째로, 2L 종량제봉투용 담따 음식물쓰레기통은 환경에 친숙합니다. 재활용 가능한 소재로 제작되어 있으며, 음식물쓰레기의 재활용과 처리 과정에 기여합니다. 또한, 종량제봉투를 사용함으로써 환경 관리에 도움을 주고 지속 가능한 생활을 실천할 수 있습니다.

마지막으로, 2L 종량제봉투용 담따 음식물쓰레기통은 경제적입니다. 저렴한 가격에 구매할 수 있으며, 장기적으로 봉투의 소비를 줄여 경제적인 이점을 얻을 수 있습니다. 또한, 장기간 사용할 수 있는 내구성을 가지고 있어 오랜 기간 동안 사용할 수 있습니다.

2L 종량제봉투용 담따 음식물쓰레기통은 용량, 실용성, 냄새 방지, 환경 친화성, 경제성 등 다양한 장점을 가지고 있습니다. 가정에서 발생하는 음식물쓰레기 처리에 효과적인 이 제품을 한번 사용해보세요. 2L 종량제봉투용 담따 음식물쓰레기통은 편리하고 깨끗한 환경을 제공할 것입니다.

제 리뷰가 구매하고자 하시는 분들께 도움이 되었으면 합니다!",생활용품,생활잡화
"톤디셈버 남녀공용 어센틱 미니 크로스 메신저백, FREE, 블랙",5,남자친구선물로 줬어요!,"남자친구 원래 매고 다니던 가방이 오래돼서 많이 낡았더라구요.
남자라서 낡았든말든 신경도 안쓰고 계속 매고 다니길래 제가 적당한 가방 하나 새로 사줘야겠다 싶어서 찾아봤습니다.

우선 남자들은 대부분 가방을 안들고다니거나 걸리적거리거나 짐되지않는 수준에서 아주 가볍게 다니는걸 좋아하잖아요.
제 남친도 아예 안들고다니기엔 기본적인 소지품들이 몇가지 있어서 크로스백인데 아주작고 가벼운 가방을 좋아하더라구요.
그래서 최대한 작고 가벼우면서 수납은 어느정도 되는 제품을 찾아보다가 이 제품을 발견했는데, 딱이더라구요.

심지어 가격도 엄청 저렴해서 사주기 민망할정도...ㅎㅎ
그래도 그냥 평소에 가볍게 들고다닐건데 비싼거 사줄필요도없고 가볍고 수납만 잘되면 된다싶어서 주문했습니다.
또 싸다고 해서 싼티나고 이런거 없고 젊은 남자들이나 학생들한테 엄청 잘 어울릴 스타일이에요.

디자인도 기존꺼보다 그래도 요즘 스타일이라서 정말 맘에들더라구요.

받아보니 상품 하자없고 사진에 보는거처럼 똑같이 예뻤어요.
가방도 엄청 가벼워서 대만족!
가방 안쪽이나 뒷면에 지퍼로 수납공간도 더 있고 지퍼쪽엔 끈이 달려있어서 열고닫기 편합니다.
가방크기는 큰편이 아니라도 남자들 들고다니기에 수납은 충분해요!!
소지품 다 넣고도 공간 여유롭게 남더라구요.
남자친구도 바꿔주니 잘 메고 다녀서 뿌듯하네요.

가볍게 데일리로 매고다닐 가방 찾으시는 분들은 딱일것같아요.

구매하시려는 분들께 제 리뷰가 도움이 되었으면 합니다!",여성패션,가방/잡화
"풀무원다논 그릭 달지않은 플레인 요거트, 1개, 400g",5,저렴하고 맛있어요,"다이어트때문에 항상 아침은 가볍게 그릭요거트를 즐겨먹습니다.
그래서 그릭요거트를 이제품 저제품 먹어보게 됐는데, 찾다보니 풀무원 제품을 발견했는데 다른 그릭요거트보다 가격이 많이 저렴해서 구매하게 되었습니다.
그릭요거트가 비싼건 매일먹기 은근 부담되서 저렴한제품 찾게되더라구요.

풀무원 그릭요거트는 일단 꾸덕한제형의 그릭은 아니고 흐름성있는 요거트에요 . 일반 요거트와 꾸덕한질감의 중간정도?
저는 또 아침으로 먹기에 너무 꾸덕한서보다는 이렇게 요거트스러운 질감이 먹기편해서 요런 제품만 골라서 구매를 하는데 풀무원 그릭요거트 정도면 딱 좋았습니다.
과일이랑 적당히 섞어먹기좋구 빵위에도 얹어먹고 하면 브런치 즐기는느낌이 딱 ! ㅎㅎ
그리고 요즘은 다이어트용 디저트 만드는데에도 그릭요거트 많이 들어가던데 그런곳에 쓸때도 이정도 흐름성있는 제품이 딱입니다요

맛은 달지않은 요거트라 적혀있는데 다이어트때문에 무가당이나 요런 저당제품 찾아서 먹는편인데 솔직히 무가당은 그냥은 못먹고 스테비아나 알룰로스같은거 꼭 뿌려먹게되더라구요.
이 제품은 성분표를 보니 아예 무가당은 아닌거 같고 당류 6g 정도 들어있는 제품이네요.
그래서 그냥 먹어도 괜찮은 맛이었어요 물론 막 맛있게 달달한 제품은 아니고 무가당보단 그냥 먹어도 맛있게 먹을수 있는 느낌이에요.
여기에 과일이랑 이렇게 섞어먹으니 맛은 딱 좋더라구요 ㅎㅎ
그래도 좀더 달게 먹고싶으면 스테비아나 알룰로스 조금만 더 첨가하면 됩니다.

포장은 배송중뚜껑열려서 새거나 하는일이 없도록 테이프로 꼼꼼이 붙여서 왔어요 그래서 고대로 잘 받았고 배송은 로켓프레쉬이니 말모말모 그날저녁에 바로 도착하더군여 ㅎㅎ

제 리뷰를 읽고 풀무원 달지않은 그릭요거트를 구매하실때
도움이 되었으면 합니다!",식품,유제품/아이스크림
"곰곰 냉동 블루베리, 1kg, 1개",5,블루베리는 항상 구비해둬요,"저는 보통 아침이나 브런치로 그릭요거트에 블루베리 넣어먹는걸 좋아해서 블루베리 떨어지는 날 없게 항상 냉동싱에 쟁여두는 편입니다.
곰곰 냉동 블루베리도 이미 한봉 다먹고 재구매한건데 다른 블루베리제품도 먹어봤지만 결국 곰곰제품을 재구매 하게 되네요.
맛이나 용량 가격이 곰곰이 적당하고 좋은것같아요.
맛은 뭐 그냥 블루베리만 살짝 녹여서 먹어도 달달새콤하니 너무 맛있었구요.
용량은 1키로인데 너무 용량커도 냉동실 자리차지하고 1키로가 딱 적당히 오래 먹으면서 너무 부피차지 않하는 크기인거같아요. 가격도 이래저래 비교해보면 곰곰만한게 없어서 결국 재구매로 이어지네요ㅎㅎ

저는 그릭요거트에 블루베리 넣고 식빵구워서 위에 올려먹는걸 좋아해서
거의 아침은 항상그렇게 먹어요. 아침먹을때 한입한입이 너무 행벅함
또 요거트 뿐만아니라 스무디나 베이킹 시리얼등 다양한 요리에 넣어서 먹을수있어요.

냉동이라 보관도 오래가능하고 또 먹을때도 신선함그대로고 살짝 녹으면 시원한게 입안이 상큼해져요.
블루베리라 알이 다른과일들 보다 작아서 꺼내놓고 조금만 있어도 금방 먹기좋은 상태로 녹아서 그게 제일 좋아요. 다른 냉동과일은 꺼내놓고 한참 기다려야 먹을수있는게 불편하더라구요 ..

또 지퍼백형태로 있어서 그때그때 먹을만큼만 꺼내고 다시 지퍼백닫아 냉동하면되서 꺼내쓰기도 정말 편리합니다.

제 리뷰를 읽으시는 분께 도움이 되었으면 합니다.
다들 블루베리 냉동실에 쟁여두시고 맛있게 드시길!!!",식품,곤약/방탄커피 외
"SNP 골드 앤 콜라겐 퍼밍 아이패치, 60개입, 1개",5,한달넘게 사용후 리뷰작성합니다,"주름은 생기기전에 미리미리 관리 해야한다고 하더라구요.
그래도 20대때는 별 신경안쓰고 살았는데 확실히 30대가 되고나니, 주름은 아니더라도 뭔가 피부에 탄력이 떨어지는 느낌? 그냥 그런게 갑자기 신경쓰이기 시작하더라구요 ㅠㅠ 그래서 지금부터라도 주름 관리 신경쓰자는 생각이 들어 찾다가 일단 부담없는 제품을 구매하였습니다.

일단 뚜껑을 열면 안에 플라스틱으로 한번더 덮여있고 그위에 스파츌러를 따로 올려둘수있어서 좋았어요.
그 스파츌러로 한장한장 덜어서 원하는 부위에 붙이고 다른볼일 보면돼서 정말 편하더라구요.
마스크팩은 붙이는 것도 번거롭고 활동하기도 불편한데 이건 간단하게 붙일수있어서 사용감이 편리해요.

그리고 원하는 부위에 집중적으로 관리하는 느낌이나서 좋더라구요.
저는 양쪽 눈밑, 이마 , 팔자, 그때그때 원하는 부위 다 붙이고 있습니다.

밀찰력도 좋아요 첨에 붙이면 뭔가 흐르는 느낌? 이 살짝들긴하는데 에센스가 있어서 느낌만 그런거같고 거울보고 확인해보면 그 위치에 잘붙어있더라구요 그리고 어느정도 흡수되고나면 더 밀착되는 느낌입니다. 특히 다 흡수된 후에 떼어보면 안붙인곳과 피부결이 달라요~~ 일시적인거겠지만 뗄때 즉각적인게 보이니까 기분이 좋더라구요.

저는 떼어내고 난 뒤에는 영양크림같은거 듬뿍발라주고 마무리합니다.

사용감이 편하고 양도 넉넉하고 저렴해서 항시 쟁여놓고 쓸거 같아요.
고민하시는 분들께 도움이 되었스면 좋겠습니다.

제 리뷰가 도움이 되었다면 '도움이 돼요'를 눌러주세요!",뷰티,스킨케어
"[굴철철] 싱싱 생굴 석화 당일출하, 1개, 통영생굴1kg중소",5,잘받았습니다!,"이번에 김장을 하는데 놓을 굴이 필요해서 여기저기 알아보다가 가격대가 비교적 저렴하길래 2kg 정도 시켰습니다.
받아보니 굴상태도 좋도라구요. 엄마도 보시고는 싸게 잘 샀다고 만족하셨습니다.

포장은 아이스박스에 왔고 안에도 얼음 충분히 넣어서 2중 비닐포장 되어있었습니다. 그래서 안심되더라구요.

통영생굴은 국내에서 유명한 굴 중 하나로, 특히 부드러운 식감과 감칠맛이 일품입니다.

바다에서 직접 채취하여 신선하게 유통되기 때문에 신선도가 매우 높습니다. 특히, 껍질 바깥쪽에 깨끗한 굴껍질을 보존하는 ""생굴""은 타 굴과는 차별화된 맛과 식감을 제공합니다.

통영생굴은 김치나 된장국, 굴전 등 다양한 요리에 활용될 수 있습니다. 그 중에서도 통영생굴맛의 특징을 잘 살린 굴국은 특히 인기가 높습니다. 또한, 김치나 된장국에 추가하여 먹으면 깊고 진한 맛을 더해줍니다.

맛뿐만 아니라 영양가도 뛰어납니다. 굴에는 단백질, 철분, 칼슘, 마그네슘 등 다양한 영양소가 풍부하게 함유되어 있습니다. 또한, 굴 내부에는 미네랄과 비타민이 풍부한 우럭이 함께 들어있어 건강에도 좋습니다.

종합적으로, 통영생굴은 신선하고 부드러운 식감과 감칠맛이 일품으로, 다양한 요리에 활용될 수 있습니다. 또한, 영양가가 높아 건강에도 좋은 장점이 있습니다.

이번 김장 통영생굴넣어서 아주 맛있게 잘 끝났습니다. 가족들도 굴이랑 김치 맛보더니 맛있다고 하더라구요!",헬스/건강식품,곤약/방탄커피 외
"비비랩 글루타치온 화이트 비타민C, 1개, 18g",5,피부관리 시작!,"제 피부는 지성이어서 항상 유분기 잡아주는 제품만 찾았었는데
슬슬 세월지나니 건조한 겨울철엔 푸석푸석 해지기 시작하면서 피부관리를 해야겠단 생각이 들었습니다
그래서 여러 제품을 찾아보다가 비교적 간편하고 쉽게 관리를 시작할수있어 보여서 비비랩의 글루타치온 화이트 비타민 c를 선택하였습니다.

우선 제품을 받아보니 아주작은 알약형태로 녹여먹거나 씹어먹으면 되는 간단한 복용법이어서 좋았습니다
전 사실 너무 큰 알약같은건 목넘김이 너무 불편해
삼키기 어려워해서 오메가나 비타민같은걸 사도 몇알먹고 결국 안먹게 됐었는데 이 제품같은경우는 크기도 아주 작고 물과함께 삼킬필요없이 그냥 녹여먹거나 씹어먹으면되는 형태라 너무 편했습니다. 꾸준히 먹게 되는 장점도 있더라구요.

맛은 살짝 신맛인데 녹여먹거나 씹어먹는데에 크게 지장없는 정도 그냥 비타민 신맛정도라 괜찮았습니다.

매일매일 챙겨먹진 못했지만 그래도 구매후 제법 복용해보고 후기를 작성하는데요, 그래서 사진에 용량이 별로 없답니다 ;; ㅎㅎ
드라마틱한 효과를 기대할순 없지만 피부과에서 관리받는건 너무 비용이 많이 들어서 차선책으로 선택했는데 꾸준히 복용해봐야겠단 생각이 듭니다.

다른 제품들에 비해 저렴하고 용량도 많은편이고
복용방법이 간단하고 피부에좋은 글루타치온과 비타민까지 있어서 따로 비타민제도 안먹고 그냥 이제품 하나만 먹고있어요 ㅎㅎ
다먹으면 무조건 재구매각입니다!!!",헬스/건강식품,영양제
"블루다이아몬드 아몬드 브리즈 뉴트리플러스 프로틴, 190ml, 24개",5,,,식품,반찬/간편식/대용식
"둥짱양말 스윗 스니커즈 여성 발목 양말10켤레 세트, free, 색상골고루10켤레",5,,,여성패션,가방/잡화
"[3컬러] 오치드 반달 골드 메탈 진주 드롭 쉬폰 레이어드 꼬임 집게핀 F339, 베이지",5,,,여성패션,가방/잡화
"강화유리 액정보호 필름 이지트레이 제공 글라스tR슬림 이지핏 2매 AGL01801, 아이폰 12 / 12 프로, 1세트",5,,,가전디지털,휴대폰 액세서리
"좋은느낌 수퍼 롱 오버나이트 날개형 생리대, 10개입, 2개",5,,,생활용품,생리대/성인기저귀
"하라몰 여성용 스트리본 털슬리퍼 RP020, 연핑크, 240~245",5,,,여성패션,신발
